CSR,CSRDetail,activity,availableVersions,certInstallStatus,chasisNumber,configOperationMode,configStatusMessage,configStatusMessageDetails,defaultVersion,deviceCSR,deviceCSRCommonName,deviceEnterpriseCertificate,deviceIP,deviceModel,deviceState,deviceType,domain-id,draftMode,expirationDate,expirationDateLong,expirationStatus,globalState,hardwareCertSerialNumber,host-name,id,lastExpirationAlarmDate,lastupdated,lifeCycleRequired,local-system-ip,managementSystemIP,model_sku,ncsDeviceName,oldSerialNumber_serialNumber,oldSerialNumber_validity,org,organization-name,personality,platformFamily,policy-template-name,policy-template-version,reachability,region-id,requestTokenID,resourceGroup,rootCertHash,serialNumber,servicePersonality,site-id,sp-organization-name,state,state_vedgeList,subjectSerialNumber,system-ip,tags,template,templateApplyLog,templateId,templateStatus,timeRemainingForExpiration,uptime-date,username,uuid,valid,validity,vbond,version,vmanage-system-ip,vmanageConnectionState,source_ip,collection_status,collection_timestamp
vmanage-65dad675-569e-480a-ac1a-292d939201f0-9.viptela.com,"-----BEGIN CERTIFICATE REQUEST-----
MIIDTjCCAjYCAQAwgc0xCzAJBgNVBAYTAlVTMRMwEQYDVQQIEwpDYWxpZm9ybmlh
MREwDwYDVQQHEwhTYW4gSm9zZTEVMBMGA1UECxMMTEFCIC0gNjA5Mjc2MRYwFAYD
VQQKEw1DaXNjbyBTeXN0ZW1zMUMwQQYDVQQDEzp2bWFuYWdlLTY1ZGFkNjc1LTU2
OWUtNDgwYS1hYzFhLTI5MmQ5MzkyMDFmMC05LnZpcHRlbGEuY29tMSIwIAYJKoZI
hvcNAQkBFhNzdXBwb3J0QHZpcHRlbGEuY29tMIIBIjANBgkqhkiG9w0BAQEFAAOC
AQ8AMIIBCgKCAQEAyY5+DGThKFub7DW+MpedIuMviksYk/N1O9wXqfkfnvsiaAnT
sZafrflW2VXmmhr0zThKpbxD7wd+Cuvjt/unLhi0Pjt9WAfhr8g8JNkuxe3iBNHJ
QQv7PLMIGKdN8wqXTLcQmsdy4dhOL7/arWMGxzJzPo1z+KnwTk0UuLVBYN1gKeNy
YbX1mw4Fo+MtobBmFSxajcNViz3bavAT2WfpLKRYLFJvOQ9gMVE0QC+FHHIJoqJE
wUPLaxk0pJuGUZ3TAeV1sn1Y4W1I1t9xSsQde/Vbz4Bh9JpflQHzm3cBgCe49dVT
x1fZlhPdor96jXsgR+rSAktc43R5+kce9M7vjwIDAQABoDswOQYJKoZIhvcNAQkO
MSwwKjAJBgNVHRMEAjAAMB0GA1UdDgQWBBSOjVhQCDl2m4ncQDOgbDjmMg8zejAN
BgkqhkiG9w0BAQsFAAOCAQEAuHKuDdnahUYP039GKGVlDr/L/1rPBzqQrCel4X7Y
gWxWRjqlf0fhxhZnHVKxyf1QMswCe3niN4p4Vh0sOU17RlCJehxT+NTxSCZ06ZS+
H1WkDH6sUtNkZWsQXVIIn9ULWn9QnpP0Ze6pbjHFWIXHyEsBqxpu/p/pamDGwvvq
sKPszL9vtx+NIsNgp+qf/rHZTiOcb8kd3WY41zGTdTDiEbp0JR8YcJDRLPL6jT+3
Kob/AtnB4bxiIKdv9YZtwYIECpTVelij7BuMPzpG9mrhXgrklgsLQAEnHz42uki3
xaCgKmPQEojDrY1aOW5NTZOVdEov0mTMsFxJAKAXn97dwg==
-----END CERTIFICATE REQUEST-----",vBond Updated,20.9.3,Installed,65dad675-569e-480a-ac1a-292d939201f0,cli,In Sync,,20.9.3.2,"-----BEGIN CERTIFICATE REQUEST-----
MIIDTjCCAjYCAQAwgc0xCzAJBgNVBAYTAlVTMRMwEQYDVQQIEwpDYWxpZm9ybmlh
MREwDwYDVQQHEwhTYW4gSm9zZTEVMBMGA1UECxMMTEFCIC0gNjA5Mjc2MRYwFAYD
VQQKEw1DaXNjbyBTeXN0ZW1zMUMwQQYDVQQDEzp2bWFuYWdlLTY1ZGFkNjc1LTU2
OWUtNDgwYS1hYzFhLTI5MmQ5MzkyMDFmMC05LnZpcHRlbGEuY29tMSIwIAYJKoZI
hvcNAQkBFhNzdXBwb3J0QHZpcHRlbGEuY29tMIIBIjANBgkqhkiG9w0BAQEFAAOC
AQ8AMIIBCgKCAQEAyY5+DGThKFub7DW+MpedIuMviksYk/N1O9wXqfkfnvsiaAnT
sZafrflW2VXmmhr0zThKpbxD7wd+Cuvjt/unLhi0Pjt9WAfhr8g8JNkuxe3iBNHJ
QQv7PLMIGKdN8wqXTLcQmsdy4dhOL7/arWMGxzJzPo1z+KnwTk0UuLVBYN1gKeNy
YbX1mw4Fo+MtobBmFSxajcNViz3bavAT2WfpLKRYLFJvOQ9gMVE0QC+FHHIJoqJE
wUPLaxk0pJuGUZ3TAeV1sn1Y4W1I1t9xSsQde/Vbz4Bh9JpflQHzm3cBgCe49dVT
x1fZlhPdor96jXsgR+rSAktc43R5+kce9M7vjwIDAQABoDswOQYJKoZIhvcNAQkO
MSwwKjAJBgNVHRMEAjAAMB0GA1UdDgQWBBSOjVhQCDl2m4ncQDOgbDjmMg8zejAN
BgkqhkiG9w0BAQsFAAOCAQEAuHKuDdnahUYP039GKGVlDr/L/1rPBzqQrCel4X7Y
gWxWRjqlf0fhxhZnHVKxyf1QMswCe3niN4p4Vh0sOU17RlCJehxT+NTxSCZ06ZS+
H1WkDH6sUtNkZWsQXVIIn9ULWn9QnpP0Ze6pbjHFWIXHyEsBqxpu/p/pamDGwvvq
sKPszL9vtx+NIsNgp+qf/rHZTiOcb8kd3WY41zGTdTDiEbp0JR8YcJDRLPL6jT+3
Kob/AtnB4bxiIKdv9YZtwYIECpTVelij7BuMPzpG9mrhXgrklgsLQAEnHz42uki3
xaCgKmPQEojDrY1aOW5NTZOVdEov0mTMsFxJAKAXn97dwg==
-----END CERTIFICATE REQUEST-----
",vmanage-65dad675-569e-480a-ac1a-292d939201f0-9.viptela.com,"-----BEGIN CERTIFICATE-----
MIIFqTCCA5GgAwIBAgIUZxrNa4jA7/ffyFqxxrhcBmS6TX8wDQYJKoZIhvcNAQELBQAwOjEOMAwGA1UECgwFQ2lzY28xEDAOBgNVBAsMB0FsYmlyZW8xFjAUBgNVBAMMDVZpcHRlbGEgU3ViQ0EwHhcNMjMwNzI0MjAxNjM3WhcNMjQwNzIzMjAxNjM3WjCBrzELMAkGA1UEBhMCVVMxEzARBgNVBAgMCkNhbGlmb3JuaWExETAPBgNVBAcMCFNhbiBKb3NlMRwwGgYDVQQKDBNDaXNjbyBTeXN0ZW1zLCBJbmMuMRUwEwYDVQQLDAxMQUIgLSA2MDkyNzYxQzBBBgNVBAMMOnZtYW5hZ2UtNjVkYWQ2NzUtNTY5ZS00ODBhLWFjMWEtMjkyZDkzOTIwMWYwLTkudmlwdGVsYS5jb20wggEiMA0GCSqGSIb3DQEBAQUAA4IBDwAwggEKAoIBAQDJjn4MZOEoW5vsNb4yl50i4y+KSxiT83U73Bep+R+e+yJoCdOxlp+t+VbZVeaaGvTNOEqlvEPvB34K6+O3+6cuGLQ+O31YB+GvyDwk2S7F7eIE0clBC/s8swgYp03zCpdMtxCax3Lh2E4vv9qtYwbHMnM+jXP4qfBOTRS4tUFg3WAp43JhtfWbDgWj4y2hsGYVLFqNw1WLPdtq8BPZZ+kspFgsUm85D2AxUTRAL4UccgmiokTBQ8trGTSkm4ZRndMB5XWyfVjhbUjW33FKxB179VvPgGH0ml+VAfObdwGAJ7j11VPHV9mWE92iv3qNeyBH6tICS1zjdHn6Rx70zu+PAgMBAAGjggEvMIIBKzAMBgNVHRMBAf8EAjAAMB8GA1UdIwQYMBaAFOzZ2kaSWq3vZfoQTgkziLp3X9fvMIGBBggrBgEFBQcBAQR1MHMwQgYIKwYBBQUHMAKGNmh0dHA6Ly9jcmwuaW50ZXJuYWxob3N0bmFtZXMuY29tL0NJU0NPVklQVEVMQVNVQkNBLmNydDAtBggrBgEFBQcwAYYhaHR0cDovL29jc3AuaW50ZXJuYWxob3N0bmFtZXMuY29tMEcGA1UdHwRAMD4wPKA6oDiGNmh0dHA6Ly9jcmwuaW50ZXJuYWxob3N0bmFtZXMuY29tL0NJU0NPVklQVEVMQVNVQkNBLmNybDAdBgNVHQ4EFgQUjo1YUAg5dpuJ3EAzoGw45jIPM3owDgYDVR0PAQH/BAQDAgWgMA0GCSqGSIb3DQEBCwUAA4ICAQAUi4h3kDpryWb1ON+mJiv+5avc39HWarznXSUC0Ek4ZM+6WactxwPNHNqk+TRJNWzzYkPXDeo62r9uR+QIZGVpKiLE+WN602lK1mQ78rgeDpNrdslMrqcQ4BuW/pv9Fv/MMbtrnHSjKmoRQuoCO1kKMQY/mQjLFTk8+9dfFft5RUgIxSms6S2RW6o6m/Fcsl5Ck/KXhWEbaMlyTSobwzVtUXu3Fns5dnHGHnzAdD+rMltlLJpW+OJEijBbI+6XjU2/bXaxgoLS5+A3mBKR4EbMuV1UJoajMuUGnTGwfC4yGaxFY2LR04w60+83L1haVG4drhEZ1trH/9x60r41srmaOscKQ9dWU70blPfIFvQ+AsaTsRbaXQPNOzgjJyrzqPSmSFBP+gWB0TvjaXyeLW234FHXOkpDG5TJwRVrgX2Qih0nP8mBz/4cbnK5wivcROSk/BQHpQR9BcpdVDmTAS5EPv7i6egJ5wihbBx0nMsnrahw+3HIb9jIufKZVNkOtjcaIprBxoZ81UPmRWFl0K6SS+hWV3wIBFzI7WQDSPX673R/A1ZOY9JjEpNQqwwISbY1WeURABl+jFfCIjPrzJvNGdwiAqWLLQh/MtqUXUzc6HSFmUcHRv70hWCdylOjI2ewPqsUxFyQwYj2atwAaJpdKD464aOKavkqw4mKK/0lmg==
-----END CERTIFICATE-----

",1.1.1.4,vmanage,READY,vmanage,0.0,Disabled,Jul 23 20:16:37 2024 GMT,1721765797000,warning,normal,,vmanage,,1714330774473,1714347104419,False,1.1.1.4,0.0.0.0,,vmanage-65dad675-569e-480a-ac1a-292d939201f0,6F70E8BAE007A83772CF5FE82B21DDD6AB756693,invalid,,LAB - 609276,vmanage,vmanage,,,reachable,,6649fc09-a2f3-485e-94fc-358cfccc2bd6,global,ea412348fedc60691535b85395c2dfb673ba8bf6,671ACD6B88C0EFF7DFC85AB1C6B85C0664BA4D7F,all,4294472995,LAB - 609276,vBond Updated,Sync,,1.1.1.4,[],,[7-Dec-2023 19:45:19 UTC] Sync-from successful,,Success,7435023000,1701974160000,--,65dad675-569e-480a-ac1a-292d939201f0,valid,valid,vbond-152409579.sdwan.cisco.com,20.9.3.2,1.1.1.4,discovered,vmanage-152409579.sdwan.cisco.com,Success,1714379283798
vsmart-8ad29161-17d7-4d02-b7d7-a97435d650d7-1.viptela.com,"-----BEGIN CERTIFICATE REQUEST-----
MIIDSzCCAjMCAQAwgcoxCzAJBgNVBAYTAlVTMRMwEQYDVQQIEwpDYWxpZm9ybmlh
MREwDwYDVQQHEwhTYW4gSm9zZTEVMBMGA1UECxMMTEFCIC0gNjA5Mjc2MRQwEgYD
VQQKEwtWaXB0ZWxhIExMQzFCMEAGA1UEAxM5dnNtYXJ0LThhZDI5MTYxLTE3ZDct
NGQwMi1iN2Q3LWE5NzQzNWQ2NTBkNy0xLnZpcHRlbGEuY29tMSIwIAYJKoZIhvcN
AQkBFhNzdXBwb3J0QHZpcHRlbGEuY29tMIIBIjANBgkqhkiG9w0BAQEFAAOCAQ8A
MIIBCgKCAQEAjyKRnnpPZubFlWvsvYzZkAW8mBCIXjWDWgfvSksEc6dvOdNJYhHp
kwIVyEceReEiya0b4F8Tb71oEoTrNqCNSIak29Pi2DTTMiUegjne7UuOkB1S1vSe
EQlJNXxAnxAG/nVl5MPSq6ClRgykfUQ698A8gvVmoKR3maAPAZG9f9z987JraRGe
VsG1ZZLNvjeTMzuUBC5NF4tqDfUsEWbCd4vuUh4F86D9hwFAClTCcQG9NIUuKguA
0a/uhez3CEslc3T8uMSz4/gY9WJl/ng7t709YvyhGw3nIrgGMEPPALrRQBscUo76
VNVGJ7RnUSwzygwmgTr4IM6GPjgQb3A04QIDAQABoDswOQYJKoZIhvcNAQkOMSww
KjAJBgNVHRMEAjAAMB0GA1UdDgQWBBQyndGn98H8+QZj5D9C6Y7Pc9rthDANBgkq
hkiG9w0BAQsFAAOCAQEAiv72Le/RGE33AN1TOE4jJeDT68wWb8zS5NvSA/Sd0QpC
1WpOP589GIXjEDhIkWKsoU1/xSvUO5JIZSfbF16PCPyAS/NIIInzit66aWYDQtpr
d5oqNXxNQCQH+71XskmnANxYuZq31BGp8Q8U/Xevu2W17Y5y3LOephquj/WdJ9kV
fB5+hxUWlGvm3ylO658mD0DIJ8BC/oMdsZ58Db8kGLq69hda5uNr3FPUV0g+Liv0
cPlaLWVXsWLEGFrqwf3LBDCgEZEt0LTBzjyZm13Bv6KaQ/5g49teAL+Sw4XmcOXG
4VpmOhuwgbBZUybm4X9TwrqaHEy/zd2KtnK391vIOA==
-----END CERTIFICATE REQUEST-----","vBond Updated,[24-Jul-2023 20:30:47 UTC] Installed,[24-Jul-2023 20:30:49 UTC] vBond Updated",[],Installed,8ad29161-17d7-4d02-b7d7-a97435d650d7,vmanage,In Sync,,20.9.3,"-----BEGIN CERTIFICATE REQUEST-----
MIIDTTCCAjUCAQAwgcwxCzAJBgNVBAYTAlVTMRMwEQYDVQQIEwpDYWxpZm9ybmlh
MREwDwYDVQQHEwhTYW4gSm9zZTEVMBMGA1UECxMMTEFCIC0gNjA5Mjc2MRYwFAYD
VQQKEw1DaXNjbyBTeXN0ZW1zMUIwQAYDVQQDEzl2c21hcnQtOGFkMjkxNjEtMTdk
Ny00ZDAyLWI3ZDctYTk3NDM1ZDY1MGQ3LTIudmlwdGVsYS5jb20xIjAgBgkqhkiG
9w0BCQEWE3N1cHBvcnRAdmlwdGVsYS5jb20wggEiMA0GCSqGSIb3DQEBAQUAA4IB
DwAwggEKAoIBAQCPIpGeek9m5sWVa+y9jNmQBbyYEIheNYNaB+9KSwRzp28500li
EemTAhXIRx5F4SLJrRvgXxNvvWgShOs2oI1IhqTb0+LYNNMyJR6COd7tS46QHVLW
9J4RCUk1fECfEAb+dWXkw9KroKVGDKR9RDr3wDyC9WagpHeZoA8Bkb1/3P3zsmtp
EZ5WwbVlks2+N5MzO5QELk0Xi2oN9SwRZsJ3i+5SHgXzoP2HAUAKVMJxAb00hS4q
C4DRr+6F7PcISyVzdPy4xLPj+Bj1YmX+eDu3vT1i/KEbDeciuAYwQ88AutFAGxxS
jvpU1UYntGdRLDPKDCaBOvggzoY+OBBvcDThAgMBAAGgOzA5BgkqhkiG9w0BCQ4x
LDAqMAkGA1UdEwQCMAAwHQYDVR0OBBYEFDKd0af3wfz5BmPkP0Lpjs9z2u2EMA0G
CSqGSIb3DQEBCwUAA4IBAQAa8Bpc3P1w13yIroPTHk0tojAQijEMWcQdm8Zm98We
ixdxl6ygNCSrzNZDhWNdfVa3DtKedAOcnbnev5WZ3fOdnGdWPp0YzTpgf8Et8vXR
va8RKHTTS8HyT0MgpXew9KCoJc4rckUhY2Fu9jjSux/6t+dwxo4fD6TQfNmyRgMd
52azmhBXomF3050nOMI9N90VKBLwurJeQQPVi37rpwjkivEukZ+aknR23e+q6DDi
YKvSk6WiGgHRAgTEt/xSXpqHHWVNPIwOaaZSHOI2gvIjhslsnQRslLpzmfhLYnnB
FG33/ftJE4iCasCJNHMJdn0uQYQGMc8NVmoTdYI9CVAm
-----END CERTIFICATE REQUEST-----
",vsmart-8ad29161-17d7-4d02-b7d7-a97435d650d7-2.viptela.com,"-----BEGIN CERTIFICATE-----
MIIFqDCCA5CgAwIBAgIUEX2eFZoYZfCpxgETenLmKl1cmzswDQYJKoZIhvcNAQELBQAwOjEOMAwGA1UECgwFQ2lzY28xEDAOBgNVBAsMB0FsYmlyZW8xFjAUBgNVBAMMDVZpcHRlbGEgU3ViQ0EwHhcNMjMwNzI0MjAxNjI4WhcNMjQwNzIzMjAxNjI4WjCBrjELMAkGA1UEBhMCVVMxEzARBgNVBAgMCkNhbGlmb3JuaWExETAPBgNVBAcMCFNhbiBKb3NlMRwwGgYDVQQKDBNDaXNjbyBTeXN0ZW1zLCBJbmMuMRUwEwYDVQQLDAxMQUIgLSA2MDkyNzYxQjBABgNVBAMMOXZzbWFydC04YWQyOTE2MS0xN2Q3LTRkMDItYjdkNy1hOTc0MzVkNjUwZDctMi52aXB0ZWxhLmNvbTCCASIwDQYJKoZIhvcNAQEBBQADggEPADCCAQoCggEBAI8ikZ56T2bmxZVr7L2M2ZAFvJgQiF41g1oH70pLBHOnbznTSWIR6ZMCFchHHkXhIsmtG+BfE2+9aBKE6zagjUiGpNvT4tg00zIlHoI53u1LjpAdUtb0nhEJSTV8QJ8QBv51ZeTD0qugpUYMpH1EOvfAPIL1ZqCkd5mgDwGRvX/c/fOya2kRnlbBtWWSzb43kzM7lAQuTReLag31LBFmwneL7lIeBfOg/YcBQApUwnEBvTSFLioLgNGv7oXs9whLJXN0/LjEs+P4GPViZf54O7e9PWL8oRsN5yK4BjBDzwC60UAbHFKO+lTVRie0Z1EsM8oMJoE6+CDOhj44EG9wNOECAwEAAaOCAS8wggErMAwGA1UdEwEB/wQCMAAwHwYDVR0jBBgwFoAU7NnaRpJare9l+hBOCTOIundf1+8wgYEGCCsGAQUFBwEBBHUwczBCBggrBgEFBQcwAoY2aHR0cDovL2NybC5pbnRlcm5hbGhvc3RuYW1lcy5jb20vQ0lTQ09WSVBURUxBU1VCQ0EuY3J0MC0GCCsGAQUFBzABhiFodHRwOi8vb2NzcC5pbnRlcm5hbGhvc3RuYW1lcy5jb20wRwYDVR0fBEAwPjA8oDqgOIY2aHR0cDovL2NybC5pbnRlcm5hbGhvc3RuYW1lcy5jb20vQ0lTQ09WSVBURUxBU1VCQ0EuY3JsMB0GA1UdDgQWBBQyndGn98H8+QZj5D9C6Y7Pc9rthDAOBgNVHQ8BAf8EBAMCBaAwDQYJKoZIhvcNAQELBQADggIBAFz1vN02YDaABaV7637wBiefNrqGReUgcezB63GHvQFOsjB7PCj557/ISs5zx3vNmLbJT+o6VhATw+Ju36shH8vNEuJAc9Ezukn1si0OAMKvsZS/tgLY800v9cESuqbfW56vncPsZ//9nfTz0Br72k3JZX3xm66axDOIrNiFp2ZAL0wG1HNc3KksjOfNrGK/+1CP7EwqKVUSWO6nn4MGamalzHK57XZyjWhL9XCvXQ1Hqi3oumq/fJUXwp95D/SWGUKlcN4ObMdkMxXoTyFloYUxFag46qn3eMoIfI9SecfTMfs1PziPwkGCeXELAYatjG+Kkb93LbjbRieX0B0T6H8n1OYtDGhsj7deC8QiXY5maTU9MbvxSu33Dx0YEs2pRWC9ZrCUlW/w32yFAiOLyRL9CYvkncJ3JulIvkRnfpHU80qxlE4CKiFT+5iTHWLN6fP6INbp/ijzmdHT6Yt7vzhq4MhtyA2ypA6QrKVrxA3TlI+jejB1U4mj2n9rsTz6x+jXitVMJSVI6Gt0xGn5CVS9jF1X60cSmiO54EmEXED0Hz4HThgznqc2tuqLzbGlTGFlMFvU9LsK25/cG50MSh0WJLivZ16pq2ju7hHOimbB2bjZBmACZrcYiagJ+CKTZ0NDRJSuPYp07rVMO33QnfKha9Oa2w1vFR6lDG8cc4DI
-----END CERTIFICATE-----

",1.1.1.3,vsmart,READY,vsmart,1.0,Disabled,Jul 23 20:16:28 2024 GMT,1721765788000,warning,normal,,vsmart,,1714330774473,1712213110839,False,1.1.1.3,0.0.0.0,,vsmart-8ad29161-17d7-4d02-b7d7-a97435d650d7,5CECB76CFDBCA434F06229B4420B28C5B0C683D7,invalid,LAB - 609276,LAB - 609276,vsmart,vsmart,Centralized_Hub_and_Spoke_Policy,03212023T172909792,reachable,[],18cc6fd9-6f53-428c-8123-5b4ae7cd809f,global,ea412348fedc60691535b85395c2dfb673ba8bf6,117D9E159A1865F0A9C601137A72E62A5D5C9B3B,,4294472994,LAB - 609276,vBond Updated,Sync,,1.1.1.3,[],vSmart_template,"[28-Apr-2023 19:07:40 UTC] Configuring device with cli template: vSmart_template,[28-Apr-2023 19:07:40 UTC] Generating configuration from template,[28-Apr-2023 19:07:41 UTC] Checking and creating device in vManage,[28-Apr-2023 19:07:41 UTC] Generating configuration from template,[28-Apr-2023 19:07:44 UTC] Device is online,[28-Apr-2023 19:07:44 UTC] Updating device configuration in vManage,[28-Apr-2023 19:07:45 UTC] Sending configuration to device,[28-Apr-2023 19:07:52 UTC] Completed template push to device.,[28-Apr-2023 19:07:53 UTC] Template successfully attached to device",98c9622e-31aa-4070-8a91-963c44a85fea,Success,7435015000,1682625000000,--,8ad29161-17d7-4d02-b7d7-a97435d650d7,valid,valid,vbond-152409579.sdwan.cisco.com,20.9.3,1.1.1.3,connected,vmanage-152409579.sdwan.cisco.com,Success,1714379283798
,,"[24-Jul-2023 20:26:07 UTC] CSR Generated,[24-Jul-2023 20:26:12 UTC] CSR Submitted For Signing,[24-Jul-2023 20:30:29 UTC] Installed",[],Installed,0a932131-efce-4289-bcca-ac08515754b5,vmanage,In Sync,,20.9.3,"-----BEGIN CERTIFICATE REQUEST-----
MIIDTDCCAjQCAQAwgcsxCzAJBgNVBAYTAlVTMRMwEQYDVQQIEwpDYWxpZm9ybmlh
MREwDwYDVQQHEwhTYW4gSm9zZTEVMBMGA1UECxMMTEFCIC0gNjA5Mjc2MRYwFAYD
VQQKEw1DaXNjbyBTeXN0ZW1zMUEwPwYDVQQDEzh2Ym9uZC0wYTkzMjEzMS1lZmNl
LTQyODktYmNjYS1hYzA4NTE1NzU0YjUtMS52aXB0ZWxhLmNvbTEiMCAGCSqGSIb3
DQEJARYTc3VwcG9ydEB2aXB0ZWxhLmNvbTCCASIwDQYJKoZIhvcNAQEBBQADggEP
ADCCAQoCggEBAKMNagMsLCtjyvJNtYEGje2oq9LIfjAZfD/NabxJoMfP7n2kvfKX
tMBejAKF4QW6jOE/9OnuKStLpYCm3S6MXm1Paeq2N/9p0Dpg25+XvagtU+DfrW/8
g+cQQ7Mz8BPeS0f4trnm5aGsn8dxiBBDfrtSwNKNwGRxX7/jvxgf0p45FGVyGcIs
wtwpc9uaaPfZHNsacZUOMnwl39TJ3VQpTLyS7nFT8dugqq+YMDXJ7esWQFOEiWgV
aGBFwSsJ1h5DTX4B0W+3j3rtiAreLyUyUHubhCoMoJ2yr3uaAX2YKWWcakFn46aT
4xSBcAn8ypAF2RnDmAFBSkvvho9nnwjbylsCAwEAAaA7MDkGCSqGSIb3DQEJDjEs
MCowCQYDVR0TBAIwADAdBgNVHQ4EFgQUFmOSq6Y8Wm3UxdOX1qrDlswyadMwDQYJ
KoZIhvcNAQELBQADggEBAGtBYi9IlySChq5Qkej163BTx9HRKly16nYOI3xFeTTa
5meukYOLVS2wFzFCpJFKnXCm6i9c3zR2j+L9MvP0/fQuWykXVlJJ8oP6F1766E9d
lcwKUJGxNWSNxVgGAEMp5AsZVMyGTrK0IOU8pgFAUM9XEunNUVZb+Hv0eb9zhvVt
7xJcZTdr0aZuudAPkbPhVSnsJmQjni44j4fu9RqPHbpnKjQWgPwRwtvsMd0k6hBo
r9W9UjbOhAAecHVJrgIm6J5LqaYO7/8GdDxhBEZuyBB3EI96EWMsRV9DDC2LHycu
niSTHq/GYVjk9IgaM37vogU2btorkW7kdIgDwcw0k/k=
-----END CERTIFICATE REQUEST-----
",vbond-0a932131-efce-4289-bcca-ac08515754b5-1.viptela.com,"-----BEGIN CERTIFICATE-----
MIIFpzCCA4+gAwIBAgIUDJaXLNzQ158BfrG2zR55cymCjEEwDQYJKoZIhvcNAQELBQAwOjEOMAwGA1UECgwFQ2lzY28xEDAOBgNVBAsMB0FsYmlyZW8xFjAUBgNVBAMMDVZpcHRlbGEgU3ViQ0EwHhcNMjMwNzI0MjAxNjE3WhcNMjQwNzIzMjAxNjE3WjCBrTELMAkGA1UEBhMCVVMxEzARBgNVBAgMCkNhbGlmb3JuaWExETAPBgNVBAcMCFNhbiBKb3NlMRwwGgYDVQQKDBNDaXNjbyBTeXN0ZW1zLCBJbmMuMRUwEwYDVQQLDAxMQUIgLSA2MDkyNzYxQTA/BgNVBAMMOHZib25kLTBhOTMyMTMxLWVmY2UtNDI4OS1iY2NhLWFjMDg1MTU3NTRiNS0xLnZpcHRlbGEuY29tMIIBIjANBgkqhkiG9w0BAQEFAAOCAQ8AMIIBCgKCAQEAow1qAywsK2PK8k21gQaN7air0sh+MBl8P81pvEmgx8/ufaS98pe0wF6MAoXhBbqM4T/06e4pK0ulgKbdLoxebU9p6rY3/2nQOmDbn5e9qC1T4N+tb/yD5xBDszPwE95LR/i2uebloayfx3GIEEN+u1LA0o3AZHFfv+O/GB/SnjkUZXIZwizC3Clz25po99kc2xpxlQ4yfCXf1MndVClMvJLucVPx26Cqr5gwNcnt6xZAU4SJaBVoYEXBKwnWHkNNfgHRb7ePeu2ICt4vJTJQe5uEKgygnbKve5oBfZgpZZxqQWfjppPjFIFwCfzKkAXZGcOYAUFKS++Gj2efCNvKWwIDAQABo4IBLzCCASswDAYDVR0TAQH/BAIwADAfBgNVHSMEGDAWgBTs2dpGklqt72X6EE4JM4i6d1/X7zCBgQYIKwYBBQUHAQEEdTBzMEIGCCsGAQUFBzAChjZodHRwOi8vY3JsLmludGVybmFsaG9zdG5hbWVzLmNvbS9DSVNDT1ZJUFRFTEFTVUJDQS5jcnQwLQYIKwYBBQUHMAGGIWh0dHA6Ly9vY3NwLmludGVybmFsaG9zdG5hbWVzLmNvbTBHBgNVHR8EQDA+MDygOqA4hjZodHRwOi8vY3JsLmludGVybmFsaG9zdG5hbWVzLmNvbS9DSVNDT1ZJUFRFTEFTVUJDQS5jcmwwHQYDVR0OBBYEFBZjkqumPFpt1MXTl9aqw5bMMmnTMA4GA1UdDwEB/wQEAwIFoDANBgkqhkiG9w0BAQsFAAOCAgEAU+g6FwSBdLQmARRFwXMA/q2GYWtGFFESg1UXFigUIn8eDsRhQRb2y2mRZiyisIZPxhgHFEEI8m6mIUJRfOyHAHwY73HCBlsHOC19JKnmvwKkGvTNqUkF+HfNZgvSSSeBj2waEDZ9hojc9LGZu1YflSjTDdTbPgDQZezEGbooA7xrC4gTNbJzgCHzR62eu9LQRcLOvi6cOKXFxEb8Zzo4/B2Kz3eh1P+AnhpMA7Te5VZA94A6CYtaClsKi/BlidMsHRABJl1dqZPYiup93Eqcypguh51OvWl4NZ7yAw79d40GCsZkn8kiImRY0fpCc3tYO1Z2ZHrK+ES+vXRs74yaizrbA6gg3IQMV7Bw6WBhX0TW5RPUniKiRWrIcGDt1S+5Nw1Jc9yYzdtd+J6eNv8zNut/QYAmxCsMAuqsvzUyJHOnrg4bSvQyLJirOuKtwmmFFZ6GOwTifG19xrTcNjpAjU5R1DWoT+epRILSqlexG75eACSJ8IVh9JRbjoStnB8Ndpcd/e69Y/6UScTMqYk5rNCb4vJ0QfRJS2+EbOaFXoueGGdRiEKLJ77xT3+NZqyy0xXjEhiQEA1q/TaXyOddidxnoHGuwvp7LGyaSkX03XRMddsjZzjr0h62oyyd2b1L/8rPixhDd02C/7EgpGRpT7pGqu7GwUGAiHSMg0VVHO8=
-----END CERTIFICATE-----

",1.1.1.2,vedge-cloud,READY,vbond,,Disabled,Jul 23 20:16:17 2024 GMT,1721765777000,warning,normal,,vbond,,1714330774473,1712141329297,True,1.1.1.2,0.0.0.0,,vbond-0a932131-efce-4289-bcca-ac08515754b5,,,LAB - 609276,LAB - 609276,vbond,vedge-x86,,,reachable,,77dce5db-338a-42c5-9bb6-241f530f2d2a,global,ea412348fedc60691535b85395c2dfb673ba8bf6,0C96972CDCD0D79F017EB1B6CD1E797329828C41,,4294472996,LAB - 609276,Installed,Sync,,1.1.1.2,[],vBond_template,"[21-Feb-2023 18:50:59 UTC] Configuring device with cli template: vBond_template,[21-Feb-2023 18:50:59 UTC] Generating configuration from template,[21-Feb-2023 18:50:59 UTC] Checking and creating device in vManage,[21-Feb-2023 18:50:59 UTC] Generating configuration from template,[21-Feb-2023 18:51:01 UTC] Device is online,[21-Feb-2023 18:51:01 UTC] Updating device configuration in vManage,[21-Feb-2023 18:51:01 UTC] Sending configuration to device,[21-Feb-2023 18:51:08 UTC] Completed template push to device.,[21-Feb-2023 18:51:09 UTC] Template successfully attached to device",8fd758dd-5914-41dc-8775-480d1ad59bef,Success,7435003000,1712141160000,--,0a932131-efce-4289-bcca-ac08515754b5,valid,valid,vbond-152409579.sdwan.cisco.com,20.9.3,1.1.1.2,connected,vmanage-152409579.sdwan.cisco.com,Success,1714379283798
